river_section_number,river_system,station_name,time_of_reading,gauge_height,discharge,lt_mean_flow,lt_median_flow
06614800,North Platte Headwaters,"MICHIGAN RIVER NEAR CAMERON PASS, CO",12/04 16:00 MST,2.31,0.40,.48,.43
06620000,North Platte Headwaters,"NORTH PLATTE RIVER NEAR NORTHGATE, CO",12/04 15:45 MST,2.42,Ice,119,110
06659580,Upper Laramie,SAND CREEK AT COLORADO-WYOMING STATE LINE,10/01 11:00 MDT,0.35,1.25,2.90,2.70
06696980,South Platte Headwaters,"TARRYALL CREEK AT UPPER STATION NEAR COMO, CO",10/01 02:15 MDT,Ssn,Ssn,6.00,5.70
06700000,Upper South Platte,"SOUTH PLATTE RIVER ABOVE CHEESMAN LAKE, CO.",10/01 02:15 MDT,4.89,86.4,33.0,33.0
06701620,Upper South Platte,"TROUT CREEK BLW FERN CR NR WESTCREEK, CO.",10/01 02:15 MDT,3.81,1.68,---,---
06701700,Upper South Platte,WEST CR. ABV SHREWSBURY GULCH NR WESTCREEK CO,[Combined Flow],12/04 15:30 MST,--,Ssn,---
06701900,Upper South Platte,"SOUTH PLATTE RIVER BLW BRUSH CRK NEAR TRUMBULL, CO",12/04 15:45 MST,3.38,172,128,119
06708600,Upper South Platte,"WEST PLUM CREEK NEAR PERRY PARK, CO",12/04 15:30 MST,Ssn,Ssn,---,---
06708690,Upper South Platte,"WEST PLUM CREEK AT SEDALIA, CO",12/04 15:30 MST,Ssn,Ssn,---,---
06708800,Upper South Platte,"EAST PLUM CR ABV HASKINS GULCH NR CASTLE ROCK, CO",12/04 15:45 MST,3.95,2.34,6.60,5.60
06709000,Upper South Platte,"PLUM CREEK NEAR SEDALIA, CO.",12/04 16:00 MST,3.11,14.6,18.0,16.0
06709530,Upper South Platte,"PLUM CREEK AT TITAN ROAD NEAR LOUVIERS, CO",12/04 15:45 MST,9.73,--,---,---
06709740,Upper South Platte,"LEE GULCH AT LITTLETON, CO",12/04 15:50 MST,Ssn,Ssn,---,---
06709910,Upper South Platte,"DUTCH CR AT PLATTE CANYON DRIVE NEAR LITTLETON, CO",12/04 15:50 MST,Ssn,Ssn,---,---
06710150,Upper South Platte,"BIG DRY CREEK BELOW C-470 AT HIGHLANDS RANCH, CO",12/04 16:05 MST,1.87,4.39,1.80,1.60
06710247,Upper South Platte,"SOUTH PLATTE RIVER BELOW UNION AVE, AT ENGLEWOOD,C",12/04 15:45 MST,10.88,26.7,43.0,32.0
06710385,Upper South Platte,"BEAR CREEK ABOVE EVERGREEN, CO",12/04 16:00 MST,4.41,21.9,16.0,15.0
06710605,Upper South Platte,"BEAR CREEK ABOVE BEAR CREEK LAKE NEAR MORRISON, CO",10/01 01:05 MDT,Ssn,Ssn,15.0,15.0
06711040,Upper South Platte,TURKEY CREEK ABOVE BEAR CREEK LAKE NEAR MORRISON C,12/04 15:20 MST,2.16,1.20,2.50,3.00
06711515,Upper South Platte,"LITTLE DRY CREEK NR ARAPAHOE RD AT CENTENNIAL, CO",12/03 14:40 MST,Ssn,Ssn,---,---
06711555,Upper South Platte,"LITTLE DRY CREEK ABOVE ENGLEWOOD, CO",10/26 21:50 MDT,Ssn,Ssn,---,---
06711565,Upper South Platte,"SOUTH PLATTE RIVER AT ENGLEWOOD, CO.",12/04 16:00 MST,1.40,46.5,88.0,66.0
06711570,Upper South Platte,"HARVARD GULCH AT COLORADO BLVD. AT DENVER, CO",12/04 16:05 MST,Ssn,Ssn,---,---
06711575,Upper South Platte,"HARVARD GULCH AT HARVARD PARK AT DENVER, CO",12/04 16:05 MST,Ssn,Ssn,---,---
06711618,Upper South Platte,"WEIR GULCH UPSTREAM FROM 1ST AVE. AT DENVER, CO",12/04 15:45 MST,Ssn,Ssn,---,---
06711770,Upper South Platte,"DRY GULCH AT DENVER, CO",10/01 02:05 MDT,Ssn,Ssn,---,---
06711780,Upper South Platte,"LAKEWOOD GULCH AT DENVER, CO",12/04 15:45 MST,Ssn,Ssn,---,---
06712000,Middle South Platte-Cherry Creek,"CHERRY CREEK NEAR FRANKTOWN, CO.",12/04 16:00 MST,2.56,3.70,5.10,4.30
06713000,Middle South Platte-Cherry Creek,"CHERRY CREEK BELOW CHERRY CREEK LAKE, CO",12/04 15:15 MST,4.37,9.05,4.30,.000
06713500,Middle South Platte-Cherry Creek,"CHERRY CREEK AT DENVER, CO.",12/04 15:55 MST,3.51,28.2,16.0,11.0
06714215,Middle South Platte-Cherry Creek,"SOUTH PLATTE R AT 64TH AVE. COMMERCE CITY, CO.",12/04 15:45 MST,1.49,7.60,54.0,12.0
06714360,Middle South Platte-Cherry Creek,"SAND CRK ABV BURLINGTON DITCH NR COMMERCE CITY, CO",12/04 15:15 MST,3.88,32.9,15.0,14.0
06720460,Middle South Platte-Cherry Creek,"FIRST CR BEL BUCKLEY RD, AT ROCKY MTN ARSENAL, CO",12/04 15:15 MST,1.83,3.10,1.00,.98
06720820,Middle South Platte-Cherry Creek,"BIG DRY CREEK AT WESTMINSTER, CO",12/04 13:30 MST,1.70,9.44,2.90,1.80
06720990,Middle South Platte-Cherry Creek,"BIG DRY CREEK AT MOUTH NEAR FORT LUPTON, CO",12/04 15:30 MST,4.79,59.1,26.0,27.0
06721000,Middle South Platte-Cherry Creek,"SOUTH PLATTE RIVER AT FORT LUPTON, CO.",12/04 16:00 MST,3.58,402,240,195
393109104464500,Middle South Platte-Cherry Creek,"CHERRY CREEK NEAR PARKER, CO",12/04 15:15 MST,5.04,3.79,7.70,6.10
394329104490101,Middle South Platte-Cherry Creek,"TOLL GATE CREEK ABOVE 6TH AVE AT AURORA, CO",12/04 15:15 MST,Ssn,Ssn,---,---
394839104570300,Middle South Platte-Cherry Creek,"SAND CREEK AT MOUTH NR COMMERCE CITY,CO",12/04 15:50 MST,9.44,38.3,19.0,17.0
06714400,Clear,"S CLEAR CR ABV LOWER CABIN CR RES NR GEORGETOWN,CO",12/04 15:50 MST,5.17,Bkw,4.20,4.00
06714500,Clear,S CLEAR CR ABV LWR CABIN CR RES SPILWY NR GEORGTWN,12/04 15:40 MST,0.16,0.72,2.40,2.30
06714800,Clear,"LEAVENWORTH CREEK AT MOUTH NEAR GEORGETOWN, CO",12/04 16:00 MST,Ssn,Ssn,3.00,3.00
06715000,Clear,CLEAR CREEK ABV WEST FORK CLEAR CREEK NR EMPIRE CO,12/04 16:00 MST,3.60,18.4,20.0,20.0
06716100,Clear,"WEST FORK CLEAR CREEK ABV MOUTH NR EMPIRE, CO",12/04 16:00 MST,4.17,Ice,16.0,15.0
06716500,Clear,"CLEAR CREEK NEAR LAWSON, CO",12/04 15:45 MST,2.63,36.0,36.0,34.0
06718550,Clear,"NORTH CLEAR CREEK ABOVE MOUTH NR BLACK HAWK, CO",12/04 15:15 MST,3.89,2.78,3.30,3.10
06719505,Clear,"CLEAR CREEK AT GOLDEN, CO",12/04 15:45 MST,3.76,54.8,55.0,52.0
06719560,Clear,"LENA GULCH AT LAKEWOOD, CO",12/04 15:45 MST,Ssn,Ssn,---,---
06719840,Clear,"LITTLE DRY CREEK AT WESTMINSTER, CO",12/04 15:50 MST,7.77,10.9,---,---
06719845,Clear,LITTLE DRY CREEK BLW FEDERAL BLVD AT WESTMINTER CO,12/04 16:15 MST,2.21,--,---,---
06724970,St. Vrain,"LEFT HAND CREEK AT HOVER ROAD NEAR LONGMONT, CO",12/04 15:10 MST,5.82,8.83,4.90,4.60
06727500,St. Vrain,"FOURMILE CREEK AT ORODELL, CO",10/07 13:45 MDT,Ssn,Ssn,1.30,1.10
06730160,St. Vrain,"FOURMILE CANYON CREEK NEAR SUNSHINE, CO",10/01 02:00 MDT,0.80,0.01,---,---
06730200,St. Vrain,"BOULDER CREEK AT NORTH 75TH ST. NEAR BOULDER, CO",12/04 16:15 MST,4.51,26.6,36.0,38.0
06730500,St. Vrain,"BOULDER CREEK AT MOUTH NEAR LONGMONT, CO",12/04 16:00 MST,9.94,51.8,50.0,57.0
06730525,St. Vrain,ST VRAIN CR BLW BOULDER CR AT HWY 119 NR LONGMONT,12/04 16:15 MST,9.95,150,153,142
06741510,Big Thompson,"BIG THOMPSON RIVER AT LOVELAND, CO.",12/04 15:30 MST,0.72,11.4,15.0,7.60
401733105392404,Big Thompson,THE LOCH OUTLET - LOCH VALE,12/04 15:50 MST,--,0.38,.39,.36
402114105350101,Big Thompson,"BIG THOMPSON BL MORAINE PARK NR ESTES PARK, CO",12/04 15:45 MST,Ice,Ice,7.90,7.80
06746095,Cache La Poudre,"JOE WRIGHT CREEK ABOVE JOE WRIGHT RESERVOIR, CO",12/04 15:30 MST,Ice,Ice,1.30,1.10
06746110,Cache La Poudre,"JOE WRIGHT CREEK BELOW JOE WRIGHT RESERVOIR, CO",12/04 15:15 MST,0.66,1.00,1.50,1.10
06751150,Cache La Poudre,N FK CACHE LA POUDRE R BLW HALLIGAN RES NR VA DALE,12/04 15:45 MST,1.30,0.04,14.0,4.40
06751490,Cache La Poudre,"NORTH FORK CACHE LA POUDRE RIVER AT LIVERMORE, CO",12/04 16:00 MST,6.93,7.07,18.0,9.00
06752260,Cache La Poudre,"CACHE LA POUDRE RIVER AT FORT COLLINS, CO",12/04 16:15 MST,--,12.1,33.0,8.60
06752280,Cache La Poudre,"CACHE LA POUDRE RIV AB BOXELDER CRK NR TIMNATH, CO",12/04 16:00 MST,0.77,2.50,30.0,4.90
06759500,Middle South Platte-Sterling,"SOUTH PLATTE RIVER AT FORT MORGAN, CO",12/04 15:30 MST,9.54,608,383,274
07079300,Arkansas Headwaters,"EF ARKANSAS R AT US HIGHWAY 24, NR LEADVILLE, CO.",12/04 15:15 MST,Ice,Ice,14.0,13.0
07081200,Arkansas Headwaters,"ARKANSAS RIVER NEAR LEADVILLE, CO",12/04 15:15 MST,Ice,Ice,19.0,19.0
07083000,Arkansas Headwaters,"HALFMOON CREEK NEAR MALTA, CO",12/04 15:30 MST,Ice,Ice,5.80,5.30
07083200,Arkansas Headwaters,"HALFMOON CR BL HALFMOON DIVERSION NR LEADVILLE, CO",10/01 01:15 MDT,Ssn,Ssn,---,---
07083710,Arkansas Headwaters,"ARKANSAS RIVER BELOW EMPIRE GULCH NEAR MALTA, CO",12/04 16:00 MST,Ssn,Ssn,67.0,73.0
07087050,Arkansas Headwaters,"ARKANSAS RIVER BELOW GRANITE, CO",12/04 15:45 MST,Ssn,Ssn,---,---
07091200,Arkansas Headwaters,"ARKANSAS RIVER NEAR NATHROP, CO",12/04 15:45 MST,Ssn,Ssn,264,245
07094500,Arkansas Headwaters,"ARKANSAS RIVER AT PARKDALE, CO.",12/04 15:45 MST,Ssn,Ssn,441,425
07096250,Upper Arkansas,"FOURMILE CREEK BELOW CRIPPLE CREEK NEAR VICTOR, CO",12/04 15:45 MST,3.06,3.77,6.30,5.40
07099050,Upper Arkansas,"BEAVER CR ABV UPPER BEAVER CEMETERY NR PENROSE, CO",12/04 15:45 MST,Ssn,Ssn,10.0,10.0
07099060,Upper Arkansas,"BEAVER CREEK ABOVE HIGHWAY 115 NEAR PENROSE, CO",12/04 15:15 MST,Ssn,Ssn,8.00,8.00
07099085,Upper Arkansas,"RED CREEK ABOVE SALT CANYON AT FORT CARSON, CO",12/04 15:35 MST,Ssn,Ssn,---,---
07099230,Upper Arkansas,"TURKEY CREEK AB TELLER RES NEAR STONE CITY, CO.",12/04 15:45 MST,Ssn,Ssn,.84,.18
07099238,Upper Arkansas,"TELLER RESERVOIR SPILLWAY NEAR STONE CITY, CO",12/04 15:30 MST,Ssn,Ssn,.000,.000
07099970,Upper Arkansas,"ARKANSAS RIVER AT MOFFAT STREET AT PUEBLO, CO",12/04 16:00 MST,7.92,97.9,106,68.0
07099973,Upper Arkansas,ARKANSAS RIVER TRIBUTARY ABOVE HWY 227 AT PUEBLO,12/04 15:30 MST,1.96,8.98,28.0,29.0
07108900,Upper Arkansas,"ST. CHARLES RIVER AT VINELAND, CO.",12/04 15:45 MST,2.36,11.2,12.0,10.0
07109500,Upper Arkansas,"ARKANSAS RIVER NEAR AVONDALE, CO.",12/04 16:00 MST,2.31,363,341,303
382628104493700,Upper Arkansas,"TURKEY CR WEST SEEP BL TELLER RES NR STONE CITY,CO",12/04 16:00 MST,9.53,0.00,.000,.000
382629104493000,Upper Arkansas,"TURKEY C EAST SEEP BL TELLER RES NR STONE CITY, CO",12/04 16:00 MST,5.45,0.01,.010,.000
383619104520401,Upper Arkansas,"LYTLE DITCH AT FT. CARSON, CO",12/04 15:45 MST,0.26,0.06,.44,.38
07100300,Fountain,"FOUNTAIN CREEK AT CASCADE, CO",12/04 16:10 MST,Ssn,Ssn,---,---
07100750,Fountain,"WALDO CANYON ABV MOUTH NEAR MANITOU SPRINGS, CO",12/04 13:35 MST,Ssn,Ssn,---,---
07103100,Fountain,"WILLIAMS CANYON ABV MOUTH NEAR MANITOU SPRINGS, CO",12/04 10:20 MST,Ssn,Ssn,---,---
07103700,Fountain,"FOUNTAIN CREEK NEAR COLORADO SPRINGS, CO.",12/04 16:10 MST,3.37,19.8,10.0,8.80
07103703,Fountain,"CAMP CREEK AT GARDEN OF THE GODS, CO",12/04 15:45 MST,2.06,0.00,.000,.000
07103780,Fountain,"MONUMENT C AB N.GATE BLVD AT USAF ACADEMY, CO.",12/04 15:45 MST,0.93,4.72,5.90,5.20
07103784,Fountain,"GOAT CAMP CREEK ABV RESERVOIR NO. 4 AT USAFA, CO",12/04 15:15 MST,Ssn,--,---,---
07103791,Fountain,"LEHMAN RUN BLW STADIUM BLVD AT USAFA, CO",12/04 15:45 MST,Ssn,--,---,---
07103792,Fountain,"RESERVOIR NO. 1 SPILLWAY AT HUSTED RD AT USAFA, CO",12/04 15:15 MST,Ssn,Ssn,---,---
07103797,Fountain,"WEST MONUMENT CREEK BELOW RAMPART RESERVOIR, CO",12/04 15:30 MST,4.51,3.78,4.60,4.00
07103800,Fountain,"WEST MONUMENT CREEK AT U.S. AIR FORCE ACADEMY, CO",12/04 15:45 MST,1.38,4.36,1.30,.54
07103960,Fountain,"KETTLE CREEK ABOVE USAF ACADEMY, CO",12/04 16:00 MST,Ssn,Ssn,---,---
07103965,Fountain,"PINE CREEK ABV BRIARGATE PKWY,ABV COLO SPRINGS, CO",12/04 16:00 MST,10.53,1.39,.86,.86
07103970,Fountain,"MONUMENT CR ABV WOODMEN RD AT COLORADO SPRINGS, CO",12/04 15:30 MST,4.21,20.9,17.0,15.0
07103980,Fountain,"COTTONWOOD CREEK AT WOODMEN RD NR COLO SPRINGS, CO",12/04 15:55 MST,0.45,1.02,.98,.90
07103987,Fountain,"COTTONWOOD CK AT UNION BLVD, AT COLO SPRINGS, CO",12/04 16:05 MST,11.04,3.80,3.30,3.30
07103990,Fountain,"COTTONWOOD CREEK AT MOUTH AT PIKEVIEW, CO",12/04 15:45 MST,2.95,8.94,4.60,4.40
07104000,Fountain,"MONUMENT CREEK AT PIKEVIEW, CO.",12/04 15:35 MST,4.39,24.6,18.0,17.0
07104905,Fountain,"MONUMENT CREEK AT BIJOU ST. AT COLO. SPRINGS, CO",12/04 15:45 MST,3.86,39.7,30.0,31.0
07105000,Fountain,"BEAR CREEK NEAR COLORADO SPRINGS, CO",12/04 15:45 MST,7.89,1.18,1.20,1.30
07105490,Fountain,"CHEYENNE CREEK AT EVANS AVE AT COLORADO SPRINGS,CO",12/04 15:45 MST,1.19,0.47,2.10,2.20
07105500,Fountain,"FOUNTAIN CREEK AT COLORADO SPRINGS, CO",12/04 15:45 MST,5.34,60.5,39.0,35.0
07105530,Fountain,"FOUNTAIN CR BLW JANITELL RD BLW COLO. SPRINGS, CO",12/04 15:45 MST,6.04,114,74.0,64.0
07105600,Fountain,"SAND CREEK ABOVE MOUTH AT COLORADO SPRINGS, CO",12/04 15:30 MST,2.18,0.31,2.40,1.80
07105780,Fountain,"B DITCH DRAIN NEAR SECURITY, CO.",12/04 12:45 MST,2.98,0.22,.20,.20
07105800,Fountain,"FOUNTAIN CREEK AT SECURITY, CO",12/04 15:50 MST,4.01,135,72.0,64.0
07105815,Fountain,"CLOVER DITCH DRAIN AT QUINN ST NR WIDEFIELD, CO",12/04 16:00 MST,5.05,1.79,1.20,1.20
07105820,Fountain,"CLOVER DITCH DRAIN NEAR WIDEFIELD, CO.",12/04 16:00 MST,2.05,3.96,3.20,3.20
07105900,Fountain,"JIMMY CAMP CREEK AT FOUNTAIN, CO.",12/04 15:45 MST,3.38,0.58,1.60,1.50
07105940,Fountain,"LITTLE FOUNTAIN CREEK NEAR FOUNTAIN, CO",11/19 11:25 MST,Ssn,Ssn,1.10,.35
07106000,Fountain,"FOUNTAIN CREEK NEAR FOUNTAIN, CO.",12/04 16:00 MST,7.49,57.0,85.0,86.0
07106300,Fountain,"FOUNTAIN CREEK NEAR PINON, CO",12/04 15:15 MST,5.15,151,101,92.0
07106500,Fountain,"FOUNTAIN CREEK AT PUEBLO, CO.",12/04 15:15 MST,3.55,120,78.0,73.0
384037104472001,Fountain,"MERRIAMS ROCK CREEK DITCH AT FT. CARSON, CO",12/04 15:45 MST,0.00,0.00,.81,.81
384047104510301,Fountain,"RIPLEY DITCH FROM L. FOUNTAIN CR AT FT. CARSON, CO",12/04 15:45 MST,1.85,0.00,.020,.000
384048104504901,Fountain,"WOMACK DITCH FROM L. FOUNTAIN CR NR FT. CARSON, CO",12/04 15:45 MST,0.21,0.30,.42,.31
07121500,Upper Arkansas-Lake Meredith,"TIMPAS CREEK AT MOUTH NEAR SWINK, CO.",12/04 15:45 MST,3.73,20.7,35.0,24.0
07116500,Huerfano,"HUERFANO RIVER NEAR BOONE, CO.",12/04 15:45 MST,4.34,2.78,11.0,5.00
373044105015701,Huerfano,"MIDDLE CREEK BLW INDIAN CREEK AT LA VETA, CO",11/19 13:45 MST,Ssn,--,---,---
07119500,Apishapa,"APISHAPA RIVER NEAR FOWLER, CO",12/04 15:15 MST,1.09,10.9,12.0,5.00
07124000,Upper Arkansas-John Martin Reservoir,"ARKANSAS RIVER AT LAS ANIMAS, CO.",12/04 15:45 MST,7.51,131,137,136
07130500,Upper Arkansas-John Martin Reservoir,"ARKANSAS RIVER BELOW JOHN MARTIN RESERVOIR, CO.",12/04 16:00 MST,0.90,2.09,8.90,2.80
07133000,Upper Arkansas-John Martin Reservoir,"ARKANSAS RIVER AT LAMAR, CO",12/04 16:00 MST,5.41,42.0,23.0,19.0
07134180,Upper Arkansas-John Martin Reservoir,"ARKANSAS RIVER NEAR GRANADA, CO.",12/04 15:15 MST,5.97,108,97.0,89.0
07134990,Upper Arkansas-John Martin Reservoir,"WILD HORSE CREEK ABOVE HOLLY, CO",11/06 07:15 MST,Ssn,--,---,---
07124200,Purgatoire,"PURGATOIRE RIVER AT MADRID, CO.",12/04 15:45 MST,2.76,19.7,26.0,24.0
07124410,Purgatoire,"PURGATOIRE RIVER BELOW TRINIDAD LAKE, CO.",12/04 15:30 MST,--,25.9,---,---
07126200,Purgatoire,"VAN BREMER ARROYO NEAR MODEL, CO",12/04 16:00 MST,Ssn,Ssn,.17,.17
07126300,Purgatoire,"PURGATOIRE RIVER NEAR THATCHER, CO.",12/04 15:30 MST,2.61,29.2,26.0,26.0
07126325,Purgatoire,"TAYLOR ARROYO BL ROCK CROSSING, NR THATCHER, CO.",11/13 16:00 MST,Ssn,Ssn,.000,.000
07126390,Purgatoire,"LOCKWOOD CANYON CREEK NEAR THATCHER, CO",11/15 13:00 MST,Ssn,Ssn,.000,.000
07126415,Purgatoire,"RED ROCK CANYON CREEK AT MOUTH NR THATCHER, CO.",11/14 14:00 MST,Ssn,Ssn,.000,.000
07126480,Purgatoire,"BENT CANYON CREEK AT MOUTH NEAR TIMPAS, CO",12/04 16:00 MST,Ssn,Ssn,.000,.000
07126485,Purgatoire,"PURGATOIRE RIVER AT ROCK CROSSING NR TIMPAS, CO.",12/04 15:30 MST,Ssn,Ssn,33.0,36.0
07128500,Purgatoire,"PURGATOIRE RIVER NEAR LAS ANIMAS, CO",12/04 15:15 MST,3.11,0.74,26.0,27.0
07134100,Big Sandy,"BIG SANDY CREEK NEAR LAMAR, CO.",12/04 15:45 MST,1.43,12.5,14.0,9.50
07137000,Middle Arkansas-Lake Mckinney,"FRONTIER DITCH NR COOLIDGE, KS",12/04 16:45 CST,8.93,--,---,---
07137500,Middle Arkansas-Lake Mckinney,"ARKANSAS R NR COOLIDGE, KS",12/04 16:15 CST,3.16,138,115,109
09010500,Colorado Headwaters,"COLORADO RIVER BELOW BAKER GULCH NR GRAND LAKE, CO",12/04 15:45 MST,4.27,23.2,12.0,11.0
09014050,Colorado Headwaters,"GRAND LAKE OUTLET BLW CHIPMUNK LN AT GRAND LK, CO",12/04 15:20 MST,8.48,-57.5,65.0,56.0
09015000,Colorado Headwaters,"COLORADO RIVER BL SHADOW MOUNTAIN RESERVOIR, CO.",12/04 15:15 MST,1.60,47.6,31.0,26.0
09019000,Colorado Headwaters,"COLORADO RIVER BELOW LAKE GRANBY, CO.",12/04 15:15 MST,3.10,21.0,---,---
09019500,Colorado Headwaters,"COLORADO RIVER NEAR GRANBY, CO",12/04 16:05 MST,Ssn,Ssn,28.0,30.0
09021000,Colorado Headwaters,"WILLOW CREEK BELOW WILLOW CREEK RESERVOIR, CO.",12/04 15:45 MST,2.43,7.33,---,---
09022000,Colorado Headwaters,"FRASER RIVER AT UPPER STA, NEAR WINTER PARK, CO.",12/04 16:00 MST,0.51,3.23,3.30,3.20
09024000,Colorado Headwaters,"FRASER RIVER AT WINTER PARK, CO.",12/04 15:45 MST,0.72,Ice,7.70,7.20
09025000,Colorado Headwaters,"VASQUEZ CREEK AT WINTER PARK, CO",12/04 15:45 MST,1.52,5.49,6.00,5.50
09025300,Colorado Headwaters,"ELK CREEK AT UPPER STATION, NEAR FRASER, CO",12/04 15:15 MST,4.93,0.28,.16,.000
09026500,Colorado Headwaters,"ST. LOUIS CREEK NEAR FRASER, CO.",12/04 15:30 MST,1.20,5.59,7.80,7.10
09027100,Colorado Headwaters,"FRASER RIVER AT TABERNASH, CO",12/04 15:45 MST,3.81,Ice,23.0,22.0
09032000,Colorado Headwaters,"RANCH CREEK NEAR FRASER, CO.",12/04 15:30 MST,4.48,2.82,3.50,3.20
09032050,Colorado Headwaters,"LITTLE CABIN CREEK NEAR TABERNASH, CO",11/01 01:15 MDT,Ssn,Ssn,---,---
09032100,Colorado Headwaters,"CABIN CREEK NEAR FRASER, CO.",12/04 15:30 MST,1.62,1.60,1.90,1.90
09032200,Colorado Headwaters,"HAMILTON CREEK NEAR TABERNASH, CO",11/01 01:15 MDT,Ssn,--,---,---
09032300,Colorado Headwaters,"HURD CREEK NEAR TABERNASH, CO",11/01 01:15 MDT,Ssn,--,---,---
09032400,Colorado Headwaters,"TRAIL CREEK NEAR TABERNASH, CO",12/04 16:15 MST,Ssn,--,---,---
09032990,Colorado Headwaters,"MEADOW CREEK BLW MEADOW CREEK RES NR TABERNASH, CO",11/01 01:15 MDT,Ssn,Ssn,---,---
09033010,Colorado Headwaters,"MEADOW CREEK DIVERSION NEAR TABERNASH, CO",11/01 01:15 MDT,Ssn,Ssn,---,---
09033100,Colorado Headwaters,"RANCH CREEK BLW MEADOW CR NR TABERNASH, CO",12/04 15:15 MST,Ssn,Ssn,11.0,9.50
09033300,Colorado Headwaters,FRASER RIVER BLW CROOKED CR AT TABERNASH CO,12/04 15:15 MST,Ssn,Ssn,42.0,39.0
09034250,Colorado Headwaters,"COLORADO RIVER AT WINDY GAP, NEAR GRANBY, CO.",12/04 15:45 MST,3.58,Ice,85.0,82.0
09034900,Colorado Headwaters,"BOBTAIL CREEK NEAR JONES PASS, CO",12/04 16:00 MST,2.35,0.70,1.30,1.20
09035500,Colorado Headwaters,"WILLIAMS FORK BELOW STEELMAN CREEK, CO.",12/04 16:00 MST,2.71,Bkw,2.40,1.70
09035700,Colorado Headwaters,"WILLIAMS FORK ABOVE DARLING CREEK, NEAR LEAL, CO",12/04 15:30 MST,Ice,Ice,8.50,7.50
09035900,Colorado Headwaters,"SOUTH FORK OF WILLIAMS FORK NEAR LEAL, CO",12/04 15:30 MST,2.95,Bkw,10.0,10.0
09036000,Colorado Headwaters,"WILLIAMS FORK NEAR LEAL, CO.",12/04 15:30 MST,1.47,23.0,26.0,25.0
09037500,Colorado Headwaters,"WILLIAMS FORK NEAR PARSHALL, CO",12/04 15:30 MST,2.09,50.4,46.0,45.0
09038500,Colorado Headwaters,"WILLIAMS FORK BELOW WILLIAMS FORK RESERVOIR, CO",12/04 15:45 MST,1.34,76.7,96.0,102
09041090,Colorado Headwaters,"MUDDY CREEK ABOVE ANTELOPE CREEK NR. KREMMLING, CO",12/04 15:30 MST,Ssn,Ssn,8.60,8.20
09041400,Colorado Headwaters,"MUDDY CRK BLW WOLFORD MTN RESER. NR KREMMLING, CO",12/04 15:30 MST,4.08,20.9,20.0,20.0
09058000,Colorado Headwaters,"COLORADO RIVER NEAR KREMMLING, CO",12/04 15:15 MST,4.16,510,550,534
09058500,Colorado Headwaters,"PINEY RIVER BELOW PINEY LAKE, NEAR MINTURN, CO.",12/04 15:30 MST,Ssn,Ssn,3.20,2.80
09059500,Colorado Headwaters,"PINEY RIVER NEAR STATE BRIDGE, CO",12/04 15:15 MST,2.77,Ice,16.0,16.0
09060799,Colorado Headwaters,"COLORADO RIVER AT CATAMOUNT BRIDGE, CO",12/04 15:30 MST,Ssn,Ssn,436,436
09070500,Colorado Headwaters,"COLORADO RIVER NEAR DOTSERO, CO",12/04 16:00 MST,2.40,"1,030",963,948
09041900,Blue,"MONTE CRISTO DIVERSION NEAR HOOSIER PASS, CO",11/09 00:00 MST,--,Ssn,.000,.000
09044300,Blue,"BEMROSE-HOOSIER DIVERSION NEAR HOOSIER PASS, CO",03/31 23:45 MDT,--,0.00,.000,.000
09044800,Blue,"MCCULLOUGH-SP-CRYS-DIVERSION NEAR HOOSIER PASS, CO",10/01 01:15 MDT,--,0.00,.000,.000
09046490,Blue,"BLUE RIVER AT BLUE RIVER, CO.",12/04 15:45 MST,0.73,15.9,12.0,12.0
09046600,Blue,"BLUE RIVER NEAR DILLON, CO",12/04 16:00 MST,4.34,27.9,33.0,33.0
09047500,Blue,"SNAKE RIVER NEAR MONTEZUMA, CO",12/04 15:15 MST,Ssn,Ssn,17.0,16.0
09047700,Blue,"KEYSTONE GULCH NEAR DILLON, CO.",12/04 15:15 MST,2.07,4.35,2.80,2.70
09050100,Blue,"TENMILE CREEK BL NORTH TENMILE C, AT FRISCO, CO.",12/04 15:00 MST,2.10,59.1,22.0,22.0
09050700,Blue,"BLUE RIVER BELOW DILLON, CO.",12/04 15:15 MST,1.06,100,90.0,79.0
09051050,Blue,"STRAIGHT CR BLW LASKEY GULCH NR DILLON, CO",12/04 16:00 MST,4.11,4.93,5.00,4.80
09056500,Blue,"ELLIOTT CREEK FEEDER CANAL TO GREEN MTN RES, CO",12/04 15:15 MST,Ssn,Ssn,---,---
09057500,Blue,"BLUE RIVER BELOW GREEN MOUNTAIN RESERVOIR, CO",12/04 16:00 MST,3.66,221,281,284
09061600,Eagle,"EAST FORK EAGLE RIVER NEAR CLIMAX, CO",12/04 15:30 MST,0.94,Ice,3.80,4.20
09063000,Eagle,"EAGLE RIVER AT RED CLIFF, CO.",12/04 15:45 MST,3.04,Ice,12.0,12.0
09063900,Eagle,"MISSOURI CREEK NEAR GOLD PARK, CO.",12/04 15:45 MST,Ice,Ice,1.30,1.30
09064000,Eagle,"HOMESTAKE CREEK AT GOLD PARK, CO.",12/04 15:45 MST,3.89,Ice,7.90,7.00
09064600,Eagle,"EAGLE RIVER NEAR MINTURN, CO",12/04 15:15 MST,3.24,Ice,33.0,34.0
09065100,Eagle,"CROSS CREEK NEAR MINTURN, CO",12/04 15:15 MST,2.62,Ice,5.60,5.60
09065500,Eagle,"GORE CREEK AT UPPER STATION, NEAR MINTURN, CO.",12/04 15:15 MST,Ice,Ice,4.00,3.80
09066000,Eagle,"BLACK GORE CREEK NEAR MINTURN, CO.",12/04 15:15 MST,Ice,Ice,3.00,2.70
09066200,Eagle,"BOOTH CREEK NEAR MINTURN, CO.",12/04 15:15 MST,2.64,0.87,1.50,1.30
09066300,Eagle,"MIDDLE CREEK NEAR MINTURN, CO.",12/04 15:15 MST,2.21,0.43,.56,.48
09066325,Eagle,"GORE CREEK ABV RED SANDSTONE CREEK AT VAIL, CO",12/04 15:45 MST,4.82,19.2,19.0,19.0
09066510,Eagle,"GORE CREEK AT MOUTH NEAR MINTURN, CO",12/04 15:15 MST,5.14,Ice,22.0,23.0
09067000,Eagle,"BEAVER CREEK AT AVON, CO",12/04 15:15 MST,2.00,Ice,3.10,3.00
09067020,Eagle,"EAGLE R BLW WASTEWATER TREATMENT PLANT AT AVON, CO",12/04 15:30 MST,2.65,61.5,68.0,67.0
09067200,Eagle,"LAKE CREEK NEAR EDWARDS, CO",12/04 15:45 MST,0.47,16.8,15.0,15.0
09070000,Eagle,"EAGLE RIVER BELOW GYPSUM, CO.",12/04 15:15 MST,4.35,223,207,211
394220106431500,Eagle,"EAGLE RIVER BELOW MILK CREEK NEAR WOLCOTT, CO",12/04 15:15 MST,3.52,146,101,103
09072550,Roaring Fork,"ROARING FORK RIVER ABV LOST MAN CR NEAR ASPEN, CO",11/28 11:15 MST,Ssn,Ssn,.30,.000
09073005,Roaring Fork,"LINCOLN CREEK BELOW GRIZZLY RESERVOIR NR ASPEN, CO",12/04 15:15 MST,1.28,5.06,2.60,2.70
09073300,Roaring Fork,"ROARING FORK RIVER AB DIFFICULT C NR ASPEN, CO.",12/04 15:45 MST,1.01,13.1,16.0,14.0
09073400,Roaring Fork,"ROARING FORK RIVER NEAR ASPEN, CO.",12/04 15:30 MST,0.72,26.2,29.0,27.0
09073720,Roaring Fork,"HUNTER CREEK FEEDER CONDUIT NEAR ASPEN, CO",[(2)],10/01 00:45 MDT,--,0.00,.000
09073721,Roaring Fork,"HUNTER CREEK CONDUIT BYPASS NEAR ASPEN, CO",10/01 00:45 MDT,--,0.00,---,---
09073790,Roaring Fork,"MIDWAY CREEK FEEDER CONDUIT NEAR ASPEN, CO",[(2)],10/01 00:45 MDT,--,0.00,.000
09073791,Roaring Fork,"MIDWAY CREEK CONDUIT BYPASS NEAR ASPEN, CO",10/01 00:45 MDT,--,0.00,---,---
09073890,Roaring Fork,"NO NAME CREEK FEEDER CONDUIT NEAR ASPEN, CO",[(2)],10/01 00:45 MDT,--,0.00,.000
09073891,Roaring Fork,"NO NAME CREEK CONDUIT BYPASS NEAR ASPEN, CO",10/01 00:45 MDT,--,0.00,---,---
09074500,Roaring Fork,"HUNTER CREEK AT ASPEN, CO",10/01 01:00 MDT,2.91,5.63,6.90,6.80
09076000,Roaring Fork,"MAROON CREEK NEAR ASPEN, CO.",12/04 15:45 MST,3.66,32.2,33.0,28.0
09076300,Roaring Fork,"ROARING FORK RIVER BLW MAROON CREEK NR ASPEN, CO",12/04 16:15 MST,3.27,135,82.0,82.0
09078141,Roaring Fork,"NORTH CUNNINGHAM CREEK CONDUIT BYPASS NR NORRIE,CO",09/30 23:00 MDT,--,0.16,---,---
09078475,Roaring Fork,"LAST CHANCE CREEK NEAR NORRIE, CO",12/04 16:00 MST,Ssn,Ssn,---,---
09079450,Roaring Fork,"LIME CREEK NEAR THOMASVILLE, CO",12/04 16:00 MST,Ssn,Ssn,---,---
09080400,Roaring Fork,"FRYINGPAN RIVER NEAR RUEDI, CO.",12/04 15:15 MST,1.34,85.0,114,96.0
09081000,Roaring Fork,"ROARING FORK RIVER NEAR EMMA, CO",12/04 15:30 MST,5.12,320,279,287
09081600,Roaring Fork,"CRYSTAL RIVER ABV AVALANCHE CRK, NEAR REDSTONE, CO",12/04 16:00 MST,0.80,71.6,59.0,55.0
09085000,Roaring Fork,"ROARING FORK RIVER AT GLENWOOD SPRINGS, CO.",12/04 15:30 MST,2.44,478,562,566
09085100,Colorado Headwaters-Plateau,"COLORADO RIVER BELOW GLENWOOD SPRINGS, CO",12/04 15:15 MST,3.94,"1,530","1,610","1,570"
09095500,Colorado Headwaters-Plateau,"COLORADO RIVER NEAR CAMEO, CO.",12/04 16:00 MST,4.12,"1,790","1,760","1,700"
09105000,Colorado Headwaters-Plateau,"PLATEAU CREEK NEAR CAMEO, CO",12/04 16:00 MST,2.60,92.6,90.0,92.0
09106150,Colorado Headwaters-Plateau,"COLO RIVER BELOW GRAND VALLEY DIV NR PALISADE, CO",12/04 15:15 MST,4.57,"1,840","1,729","1,640"
09163500,Colorado Headwaters-Plateau,COLORADO RIVER NEAR COLORADO-UTAH STATE LINE,12/04 15:45 MST,3.79,"3,680","3,650","3,510"
09107000,East-Taylor,"TAYLOR RIVER AT TAYLOR PARK, CO.",12/04 16:00 MST,Ice,Ice,42.0,41.0
09109000,East-Taylor,"TAYLOR RIVER BELOW TAYLOR PARK RESERVOIR, CO.",12/04 16:00 MST,3.54,99.8,81.0,75.0
09110000,East-Taylor,"TAYLOR RIVER AT ALMONT, CO.",12/04 16:15 MST,1.69,163,131,125
09110990,East-Taylor,"ELK CREEK AT COAL CREEK ABV CRESTED BUTTE, CO",11/16 00:15 MST,Ice,Ice,---,---
09111250,East-Taylor,"COAL CREEK ABV MCCORMICK DTCH AT CRESTED BUTTE, CO",12/04 15:15 MST,Ssn,Ssn,---,---
09112200,East-Taylor,"EAST RIVER BELOW CEMENT CREEK NR CRESTED BUTTE, CO",12/04 15:15 MST,0.86,Ice,73.0,74.0
09112500,East-Taylor,"EAST RIVER AT ALMONT, CO",12/04 15:15 MST,2.73,Ice,80.0,79.0
385106106571000,East-Taylor,"SLATE R AB BAXTER GL @HWY 135 NR CRESTED BUTTE, CO",12/04 16:15 MST,Ice,Ice,21.0,19.0
09113500,Upper Gunnison,"OHIO CREEK NEAR BALDWIN, CO.",12/04 15:30 MST,Ice,Ice,19.0,18.0
09113980,Upper Gunnison,"OHIO CREEK ABOVE MOUTH NR GUNNISON, CO",12/04 16:00 MST,2.52,Ice,22.0,21.0
09114500,Upper Gunnison,"GUNNISON RIVER NEAR GUNNISON, CO.",12/04 15:15 MST,1.20,273,256,240
09114520,Upper Gunnison,"GUNNISON RIVER AT GUNNISON WHITEWATER PARK, CO",10/01 01:15 MDT,Ssn,Ssn,---,---
09123450,Upper Gunnison,"LAKE FORK BLW LAKE SAN CRISTOBAL NR LAKE CITY, CO",12/04 15:30 MST,4.00,17.4,20.0,20.0
09124010,Upper Gunnison,"HENSON CREEK AT LAKE CITY, CO",12/04 15:30 MST,7.53,Ice,---,---
09124500,Upper Gunnison,"LAKE FORK AT GATEVIEW, CO.",12/04 16:00 MST,1.58,Ice,56.0,52.0
09126000,Upper Gunnison,"CIMARRON RIVER NEAR CIMARRON, CO",12/04 15:15 MST,1.17,Ice,16.0,15.0
09127000,Upper Gunnison,"CIMARRON RIVER BLW SQUAW CREEK AT CIMARRON, CO",12/04 15:15 MST,7.96,Ice,38.0,38.0
09128000,Upper Gunnison,"GUNNISON RIVER BELOW GUNNISON TUNNEL, CO",12/04 16:00 MST,3.50,"1,010",791,508
09129600,Upper Gunnison,"SMITH FORK NEAR LAZEAR, CO",12/04 15:15 MST,Ssn,Ssn,4.70,3.60
380107107213201,Upper Gunnison,"HENSON CREEK ABV ALPINE GULCH NEAR LAKE CITY, CO",10/07 11:30 MDT,Ssn,--,---,---
383103106594200,Upper Gunnison,"GUNNISON RIVER AT CNTY RD 32 BELOW GUNNISON, CO",12/04 16:00 MST,4.86,442,293,293
09115500,Tomichi,"TOMICHI CREEK AT SARGENTS, CO",12/04 16:00 MST,1.26,Ice,25.0,24.0
09118450,Tomichi,"COCHETOPA CREEK BELOW ROCK CREEK NEAR PARLIN, CO",12/04 15:15 MST,2.27,Ice,23.0,20.0
09119000,Tomichi,"TOMICHI CREEK AT GUNNISON, CO",12/04 15:30 MST,1.60,Ice,83.0,80.0
09132095,North Fork Gunnison,ANTHRACITE CREEK ABOVE MOUTH NEAR SOMERSET,11/30 19:30 MST,--,44.3,---,---
09132500,North Fork Gunnison,"NORTH FORK GUNNISON RIVER NEAR SOMERSET, CO.",12/04 15:15 MST,Ice,Ice,81.0,70.0
09134100,North Fork Gunnison,"NORTH FORK GUNNISON RIVER BELOW PAONIA, CO",11/01 01:15 MDT,Ssn,Ssn,81.0,76.0
09136100,North Fork Gunnison,"NORTH FK GUNNISON RIVER ABOVE MOUTH NR LAZEAR, CO",12/04 15:15 MST,3.13,156,164,165
385903107210800,North Fork Gunnison,"MUDDY CREEK ABOVE PAONIA RESERVOIR, CO",12/04 16:00 MST,Ssn,Ssn,---,---
09143000,Lower Gunnison,"SURFACE CREEK NEAR CEDAREDGE, CO",11/01 01:15 MDT,Ice,Ssn,5.50,5.10
09143500,Lower Gunnison,"SURFACE CREEK AT CEDAREDGE, CO.",12/04 15:15 MST,0.69,4.47,3.50,3.00
09144250,Lower Gunnison,"GUNNISON RIVER AT DELTA, CO",12/04 15:15 MST,2.55,"1,400","1,350","1,100"
09152500,Lower Gunnison,"GUNNISON RIVER NEAR GRAND JUNCTION, CO.",12/04 15:30 MST,3.45,"1,740","1,409","1,160"
09146020,Uncompahgre,"UNCOMPAHGRE RIVER NEAR OURAY, CO",12/04 16:00 MST,0.50,31.8,31.0,32.0
09146200,Uncompahgre,"UNCOMPAHGRE RIVER NEAR RIDGWAY, CO.",12/04 16:00 MST,1.87,49.6,57.0,57.0
09147000,Uncompahgre,"DALLAS CREEK NEAR RIDGWAY, CO",12/04 16:00 MST,2.56,21.4,22.0,22.0
09147025,Uncompahgre,"UNCOMPAHGRE RIVER BELOW RIDGWAY RESERVOIR, CO",12/04 16:00 MST,1.84,45.8,63.0,53.0
09147500,Uncompahgre,"UNCOMPAHGRE RIVER AT COLONA, CO",12/04 15:15 MST,3.39,55.6,78.0,73.0
09149500,Uncompahgre,"UNCOMPAHGRE RIVER AT DELTA, CO",12/04 15:15 MST,3.24,253,201,204
383926107593001,Uncompahgre,LOUTSENHIZER ARROYO AT HWY 50 NEAR OLATHE CO,12/04 16:00 MST,1.78,13.0,15.0,16.0
09165000,Upper Dolores,"DOLORES RIVER BELOW RICO, CO.",12/04 15:45 MST,1.89,Ice,23.0,19.0
09166500,Upper Dolores,"DOLORES RIVER AT DOLORES, CO.",12/04 15:45 MST,2.35,Ice,61.0,55.0
09166950,Upper Dolores,"LOST CANYON CREEK NEAR DOLORES, CO.",12/04 15:15 MST,1.41,0.00,1.70,.65
09168730,Upper Dolores,"DOLORES RIVER NEAR SLICK ROCK, CO",12/04 16:00 MST,Ssn,Ssn,26.0,27.0
09169500,Upper Dolores,"DOLORES RIVER AT BEDROCK, CO",12/04 15:15 MST,1.44,53.9,57.0,44.0
09171100,Upper Dolores,"DOLORES RIVER NEAR BEDROCK, CO.",12/04 15:45 MST,2.55,58.8,60.0,46.0
09171240,San Miguel,LAKE FORK SAN MIGUEL RV ABV TROUT LAKE NR OPHIR CO,12/04 15:15 MST,2.26,Ice,3.90,3.70
09171310,San Miguel,"SOUTH FORK SAN MIGUEL RIVER NEAR OPHIR, CO",12/04 15:15 MST,1.48,19.9,26.0,25.0
09172500,San Miguel,"SAN MIGUEL RIVER NEAR PLACERVILLE, CO",12/04 16:05 MST,3.99,59.7,73.0,70.0
09174600,San Miguel,SAN MIGUEL RIVER AT BROOKS BRIDGE NEAR NUCLA CO,12/04 15:30 MST,1.13,Ice,77.0,76.0
09177000,San Miguel,"SAN MIGUEL RIVER AT URAVAN, CO.",12/04 15:15 MST,2.43,48.2,100,95.0
09179450,Lower Dolores,"DOLORES RIVER NEAR GATEWAY, CO",12/04 16:00 MST,6.85,138,122,129
09237450,Upper Yampa,"YAMPA RIVER ABOVE STAGECOACH RESERVOIR, CO",12/04 15:45 MST,3.52,Ice,42.0,40.0
09237500,Upper Yampa,"YAMPA RIVER BELOW STAGECOACH RESERVOIR, CO",12/04 16:00 MST,3.02,69.8,53.0,47.0
09238900,Upper Yampa,"FISH CR AT UPPER STA NR STEAMBOAT SPRINGS, CO",12/04 15:45 MST,0.36,Ice,9.30,8.10
09239500,Upper Yampa,"YAMPA RIVER AT STEAMBOAT SPRINGS, CO",12/04 15:15 MST,Ice,Ice,111,107
09240020,Upper Yampa,"YAMPA RIVER BELOW SODA CREEK AT STEAMBOAT SPGS, CO",12/04 16:00 MST,Ssn,Ssn,---,---
09242500,Upper Yampa,"ELK RIVER NEAR MILNER, CO.",12/04 15:30 MST,Ice,Ice,93.0,90.0
09244490,Upper Yampa,"YAMPA RIVER ABOVE ELKHEAD CREEK NEAR HAYDEN, CO",12/04 15:45 MST,1.72,Ice,247,246
09246200,Upper Yampa,"ELKHEAD CREEK ABOVE LONG GULCH, NEAR HAYDEN, CO",12/04 15:15 MST,Ice,Ice,8.00,5.60
09246500,Upper Yampa,"ELKHEAD CREEK NEAR CRAIG, CO",12/04 15:45 MST,2.49,Bkw,5.50,4.30
09247600,Upper Yampa,"YAMPA RIVER BELOW CRAIG, CO.",12/04 15:15 MST,1.22,Ice,248,225
09251000,Lower Yampa,"YAMPA RIVER NEAR MAYBELL, CO",12/04 15:15 MST,Ice,Ice,308,276
09260050,Lower Yampa,"YAMPA RIVER AT DEERLODGE PARK, CO",12/04 15:15 MST,2.80,Ice,442,390
09253000,Little Snake,"LITTLE SNAKE RIVER NEAR SLATER, CO",12/04 15:45 MST,3.97,Ice,34.0,30.0
09255000,Little Snake,"SLATER FORK NEAR SLATER, CO",12/04 15:45 MST,Ice,Ice,18.0,17.0
09260000,Little Snake,"LITTLE SNAKE RIVER NEAR LILY, CO",12/04 15:15 MST,1.61,171,104,99.0
09304200,Upper White,"WHITE RIVER ABOVE COAL CREEK NEAR MEEKER, CO",12/04 15:15 MST,2.00,307,312,310
09304500,Upper White,"WHITE RIVER NEAR MEEKER, CO.",12/04 16:00 MST,2.66,Ice,341,344
09304800,Upper White,"WHITE RIVER BELOW MEEKER, CO",12/04 15:30 MST,Ice,Ice,372,370
09306200,Piceance-Yellow,"PICEANCE CREEK BL RYAN GULCH, NR RIO BLANCO, CO.",12/04 15:45 MST,Ice,Ice,22.0,20.0
09306222,Piceance-Yellow,"PICEANCE CREEK AT WHITE RIVER, CO",12/04 15:30 MST,2.34,Ice,28.0,23.0
09306242,Piceance-Yellow,"CORRAL GULCH NEAR RANGELY, CO",12/04 15:45 MST,1.30,0.00,.62,.45
09306255,Piceance-Yellow,"YELLOW CREEK NEAR WHITE RIVER, CO.",12/04 15:15 MST,4.96,Ice,2.40,1.80
09306290,Lower White,"WHITE RIVER BELOW BOISE CREEK, NEAR RANGELY, CO.",12/04 15:45 MST,Ice,Ice,427,402
09342500,Upper San Juan,"SAN JUAN RIVER AT PAGOSA SPRINGS, CO",12/04 16:00 MST,3.58,72.3,75.0,64.0
09346400,Upper San Juan,"SAN JUAN RIVER NEAR CARRACAS, CO.",12/04 15:15 MST,2.34,Ice,183,153
09352800,Upper San Juan,"LOS PINOS R ABV VALLECITO RES NR BAYFIELD, CO",12/04 15:45 MST,3.32,Ice,---,---
09352900,Upper San Juan,"VALLECITO CREEK NEAR BAYFIELD, CO.",12/04 15:45 MST,0.77,Ice,31.0,31.0
09353800,Upper San Juan,"LOS PINOS RIVER NEAR IGNACIO, CO",12/04 15:45 MST,1.85,26.7,73.0,31.0
09354500,Upper San Juan,"LOS PINOS RIVER AT LA BOCA, CO.",12/04 15:30 MST,3.28,50.7,107,69.0
09349800,Piedra,"PIEDRA RIVER NEAR ARBOLES, CO.",12/04 15:15 MST,0.98,Ice,95.0,82.0
09358000,Animas,"ANIMAS RIVER AT SILVERTON, CO.",12/04 16:00 MST,0.70,Ice,30.0,27.0
09358550,Animas,"CEMENT CREEK AT SILVERTON, CO",12/04 16:00 MST,0.81,Ice,15.0,15.0
09359010,Animas,"MINERAL CREEK AT SILVERTON, CO",12/04 15:30 MST,Ice,--,---,---
09359020,Animas,"ANIMAS RIVER BELOW SILVERTON, CO",12/04 16:00 MST,0.98,Ice,74.0,70.0
09359080,Animas,CASCADE CR ABV CASCADE CR DIVERSION NR ROCKWOOD CO,12/04 15:30 MST,1.09,2.75,7.70,8.50
09359082,Animas,CASCADE CR BLW CASCADE CR DIVERSION NR ROCKWOOD CO,12/04 16:00 MST,1.82,Ice,5.60,5.10
09359500,Animas,"ANIMAS RIVER AT TALL TIMBER RESORT ABOVE TACOMA,CO",12/04 15:30 MST,2.74,Ice,122,105
09361500,Animas,"ANIMAS RIVER AT DURANGO, CO",12/04 15:30 MST,2.25,186,240,221
09362520,Animas,"ANIMAS RIVER BLW DURANGO PUMP PLANT NR DURANGO, CO",12/04 16:00 MST,3.08,186,224,210
09363500,Animas,"ANIMAS RIVER NEAR CEDAR HILL, NM",12/04 16:00 MST,3.84,229,283,267
09371000,Mancos,"MANCOS RIVER NEAR TOWAOC, CO.",12/04 16:00 MST,1.91,Ice,14.0,11.0
09371010,Lower San Juan-Four Corners,"SAN JUAN RIVER AT FOUR CORNERS, CO",12/04 16:00 MST,6.13,832,"1,110",938
09371492,McElmo,"MUD CREEK AT STATE HIGHWAY 32, NEAR CORTEZ, CO.",12/04 15:30 MST,1.34,0.84,1.80,1.50
09371520,McElmo,"MCELMO CREEK ABOVE TRAIL CANYON NEAR CORTEZ, CO",12/04 15:30 MST,2.21,Ice,26.0,25.0
09372000,McElmo,MCELMO CREEK NEAR COLORADO-UTAH STATE LINE,12/04 15:30 MST,2.83,Ice,38.0,35.0
